y_ID,narrow_sense,bonferroni_5,perm_5,num_individuals
Y532,4.53978706625305e-05,2.1683507524177113e-06,2.386074167045932e-06,337
Y545,0.6078477972214902,2.1683507524177113e-06,3.1613623040636143e-10,327
Y538,4.5397870662530495e-05,2.1683507524177113e-06,3.952646261361346e-06,337
Y108,4.5397870662530495e-05,2.1683507524177113e-06,3.6080377474960435e-06,92
Y736,4.539787066253049e-05,2.1683507524177113e-06,7.97767204353812e-06,54
Y741,0.06321171683064207,2.1683507524177113e-06,1.1195960338738806e-05,57
Y292,4.5397870662530495e-05,2.1691032926987986e-06,2.7740646633056888e-06,32
Y371,4.5397870662530495e-05,2.1683507524177113e-06,7.51732992713332e-08,34
Y16,4.53978706625305e-05,2.1683507524177113e-06,6.393822599748764e-07,27
Y276,4.53978706625305e-05,2.1683507524177113e-06,2.987429950441968e-06,70
Y631,0.8756914945672146,2.1683507524177113e-06,1.9454401542125466e-06,316
Y577,0.8824572427468295,2.1683507524177113e-06,5.226656339692448e-10,327
Y599,0.7623014115049371,2.1683507524177113e-06,1.0737326363353898e-05,327
Y130,0.09747321024550273,2.1683507524177113e-06,3.1160558855497077e-09,71
Y1310,4.53978706625305e-05,2.168444791395611e-06,4.292331215042907e-06,52
Y1284,0.31150760254110316,2.1683507524177113e-06,1.1323627244913032e-07,42
Y593,0.8326769482356573,2.1683507524177113e-06,1.2349447749036262e-06,327
Y24,4.5397870662530495e-05,2.1683507524177113e-06,5.138337783978651e-06,27
Y53,4.5397870662530495e-05,2.1683507524177113e-06,6.26454695407472e-07,48
Y609,0.4493506922890226,2.1683507524177113e-06,2.8442625790789197e-09,327
Y704,0.8334778317336058,2.1683507524177113e-06,2.327827644352275e-06,574
Y603,0.8687874187639126,2.1683507524177113e-06,5.867568319446791e-06,327
Y4,4.5397870662530495e-05,2.1683507524177113e-06,1.3681626289146211e-06,29
Y521,0.015758008093919106,2.1683507524177113e-06,3.6215719906768065e-10,337
Y556,0.896848499901914,2.1683507524177113e-06,1.896907720226371e-06,326
Y111,4.539787066253049e-05,2.1683507524177113e-06,4.904119739572443e-06,87
Y622,0.7580880359695092,2.1683507524177113e-06,2.897457677134884e-06,327
Y368,4.5397870662530495e-05,2.168444791395611e-06,3.1167550835811575e-06,33
Y386,0.050192352897035074,2.1683507524177113e-06,3.584711425795331e-06,35
Y96,4.5397870662530495e-05,2.1683507524177113e-06,2.3417776359118342e-07,27
Y78,4.53978706625305e-05,2.1683507524177113e-06,1.2367945600415397e-07,27
Y315,0.6482599714025301,2.168915108662647e-06,1.3437977004028681e-05,36
Y281,0.1901726844948528,2.1683507524177113e-06,1.2251497533639308e-06,70
Y362,4.5397870662530495e-05,2.168444791395611e-06,9.459556046422977e-06,33
Y72,0.1058836510929527,2.1683507524177113e-06,6.777450145632838e-06,29
Y725,0.005086487202273795,2.1683507524177113e-06,3.1780700506357784e-17,57
Y752,0.09748690850494358,2.1683507524177113e-06,9.342087908159689e-07,179
Y628,0.9016649356555055,2.1683507524177113e-06,1.3430816519762e-06,325
Y580,0.6823019683012624,2.1683507524177113e-06,8.782383058873688e-06,327
Y519,4.539787066253049e-05,2.1683507524177113e-06,3.1730267307198786e-06,337
Y1279,4.5397870662530495e-05,2.1683507524177113e-06,5.46488311129678e-07,47
Y129,0.13237716972627392,2.1683507524177113e-06,3.764018847375421e-08,95
Y1309,0.006298956305148706,2.168444791395611e-06,2.4452641055458613e-06,51
Y1273,4.53978706625305e-05,2.1683507524177113e-06,2.7967089464501355e-07,42
Y123,0.5370256298583288,2.1683507524177113e-06,1.8093099749239255e-06,92
Y564,0.3626736189409957,2.1683507524177113e-06,3.6601774008295204e-11,327
Y610,0.46629787624760605,2.1683507524177113e-06,3.7056813305277513e-06,327
Y717,4.539787066253049e-05,2.1683507524177113e-06,4.945070413157219e-06,57
Y37,4.53978706625305e-05,2.1683507524177113e-06,7.457036923720238e-07,48
Y40,4.5397870662530495e-05,2.1683507524177113e-06,2.4795097483826894e-06,26
Y617,0.8150669128960731,2.1683507524177113e-06,4.2122285381034965e-06,327
Y47,4.5397870662530495e-05,2.1683507524177113e-06,1.0478294376153333e-06,48
Y320,0.42545984061223835,2.168915108662647e-06,4.367410906140233e-06,36
Y357,4.539787066253049e-05,2.1683507524177113e-06,5.362884015773213e-06,34
Y569,0.9004209114585562,2.1683507524177113e-06,3.1363353907050365e-06,324
Y587,0.7261770493983122,2.1683507524177113e-06,1.0031728947220553e-06,327
Y1290,4.5397870662530495e-05,2.1683507524177113e-06,7.366642635049798e-12,47
Y124,4.5397870662530495e-05,2.1683507524177113e-06,1.2571609993549355e-05,73
Y1274,4.5397870662530495e-05,2.1683507524177113e-06,4.745852428985452e-11,47
Y563,0.8196653061007096,2.1683507524177113e-06,3.2593084372119323e-07,327
Y625,0.8583487569409317,2.1683507524177113e-06,2.8788242458910203e-06,327
Y728,4.5397870662530495e-05,2.1683507524177113e-06,1.6052078406827462e-09,57
Y381,4.5397870662530495e-05,2.1683507524177113e-06,3.730678511259281e-06,35
Y318,0.38032480794434426,2.168915108662647e-06,1.0111879140064224e-05,36
Y91,0.10001588786079417,2.1683507524177113e-06,7.547224113600932e-07,27
Y365,4.5397870662530495e-05,2.168444791395611e-06,1.7590168326324553e-08,33
Y286,0.002137005217276469,2.1683507524177113e-06,9.61685164622112e-08,70
Y722,4.5397870662530495e-05,2.1683507524177113e-06,2.7539897858027254e-06,57
Y551,0.7002896423353265,2.1683507524177113e-06,4.313806438775477e-06,327
Y526,0.04885697848973221,2.1683507524177113e-06,3.0270718658624235e-15,337
Y116,4.5397870662530495e-05,2.1683507524177113e-06,1.4677101620837474e-06,95
Y54,0.11303507126463298,2.1683507524177113e-06,1.7954599183400656e-06,27
Y23,4.53978706625305e-05,2.1683507524177113e-06,1.054507185620317e-06,27
Y703,0.906674252568475,2.1683507524177113e-06,2.1527520396125024e-06,620
Y604,0.39554565605876346,2.1683507524177113e-06,9.53343171482466e-11,327
Y29,0.19368839169348687,2.1683507524177113e-06,5.023757856454393e-09,51
Y570,0.9139340911312739,2.1683507524177113e-06,3.6292720525059755e-06,327
Y1289,4.5397870662530495e-05,2.1683507524177113e-06,2.044236127124728e-12,47
Y137,0.05240535437409238,2.1683507524177113e-06,5.027576017895339e-06,92
Y1267,4.5397870662530495e-05,2.1683507524177113e-06,4.051255435797403e-12,42
Y140,0.1588727439951991,2.1683507524177113e-06,1.5826307151525754e-06,95
Y1283,4.5397870662530495e-05,2.1683507524177113e-06,4.596935565590615e-09,42
Y1317,4.5397870662530495e-05,2.1683507524177113e-06,4.683232314918083e-06,41
Y594,0.7698644159165123,2.1683507524177113e-06,3.995069475465393e-07,327
Y746,0.09610401755462523,2.1683507524177113e-06,2.5680826739516617e-07,57
Y731,4.53978706625305e-05,2.1683507524177113e-06,5.239549662404856e-06,56
Y376,0.8791497475833097,2.1683507524177113e-06,4.3064497361662656e-11,34
Y88,4.5397870662530495e-05,2.1683507524177113e-06,7.035815592149556e-06,26
Y11,4.5397870662530495e-05,2.1683507524177113e-06,4.990408731520958e-07,54
Y66,4.5397870662530495e-05,2.1683507524177113e-06,6.471241598985269e-06,26
Y392,0.5551244979656406,2.1683507524177113e-06,6.884229567956114e-06,281
Y271,0.009671742227064087,2.1683507524177113e-06,1.3223539161545785e-10,70
Y82,4.5397870662530495e-05,2.168444791395611e-06,1.5479889727565264e-08,41
Y636,0.5766921874259618,2.1683507524177113e-06,2.7889952082816138e-06,327
Y105,0.4799709545290532,2.1683507524177113e-06,5.6735383349487975e-06,27
Y542,0.6892320652176964,2.1683507524177113e-06,1.877504874834448e-07,327
Y535,4.5397870662530495e-05,2.1683507524177113e-06,5.112413260671812e-06,337
Y548,0.6600499135749133,2.1683507524177113e-06,2.520180343903822e-06,327
Y632,0.8860094173865132,2.1683507524177113e-06,1.6563220115748148e-06,324
Y748,4.5397870662530495e-05,2.1683507524177113e-06,5.166529226984426e-06,190
Y68,0.02232793869044267,2.1683507524177113e-06,4.472999495314777e-06,26
Y275,4.5397870662530495e-05,2.1683507524177113e-06,6.2024920272541144e-06,70
Y378,0.9149459997991193,2.1683507524177113e-06,1.3121895402955721e-14,34
Y15,0.033110467845457764,2.1683507524177113e-06,5.648285009604959e-07,29
Y372,4.5397870662530495e-05,2.1683507524177113e-06,2.065332503222937e-08,34
Y291,4.5397870662530495e-05,2.1691032926987986e-06,2.0617699203153474e-06,35
Y638,0.6807793227944401,2.1683507524177113e-06,4.229011118543024e-06,327
Y742,4.5397870662530495e-05,2.1683507524177113e-06,4.997791744402731e-06,56
Y735,0.00918051986283922,2.1683507524177113e-06,6.417262538507257e-06,57
Y546,0.7890781633531859,2.1683507524177113e-06,1.5378163669167554e-06,327
Y531,4.5397870662530495e-05,2.1683507524177113e-06,1.954520899047535e-06,337
Y101,0.39718384157409753,2.1683507524177113e-06,1.7866055629985063e-05,27
Y7,0.8105038529600513,2.1683507524177113e-06,1.1512213455873183e-08,25
Y600,0.7607010473246483,2.1683507524177113e-06,3.2836421901296707e-06,327
Y699,4.5397870662530495e-05,2.1683507524177113e-06,3.7662605280979177e-06,139
Y707,0.012510407096128245,2.1683507524177113e-06,6.558974602214875e-06,436
Y50,4.5397870662530495e-05,2.1683507524177113e-06,1.5706037585175634e-09,29
Y27,4.5397870662530495e-05,2.1683507524177113e-06,4.901307854137298e-06,29
Y590,0.3742550042722867,2.1683507524177113e-06,3.262007417879227e-09,327
Y1269,4.539787066253049e-05,2.1683507524177113e-06,2.4670736073247303e-12,42
Y139,0.023695001045066243,2.1683507524177113e-06,3.7077844136194843e-06,80
Y1313,0.20326457582641597,2.1683507524177113e-06,5.070932421445087e-06,41
Y1287,4.5397870662530495e-05,2.1683507524177113e-06,1.998485696568614e-06,42
Y133,4.5397870662530495e-05,2.1683507524177113e-06,2.7806493576184902e-06,78
Y574,0.5195770452178615,2.1683507524177113e-06,1.3639477628653693e-06,327
Y751,0.013420096376858894,2.1683507524177113e-06,1.1568884947420923e-09,149
Y726,0.008197108095397842,2.1683507524177113e-06,1.0920246556627145e-13,57
Y71,4.5397870662530495e-05,2.1683507524177113e-06,7.07940458005828e-08,27
Y361,4.5397870662530495e-05,2.168444791395611e-06,5.330275460789316e-06,33
Y316,0.6491597460523992,2.168915108662647e-06,1.7071705826843753e-06,36
Y282,4.5397870662530495e-05,2.1683507524177113e-06,1.945134407965763e-07,70
Y95,4.53978706625305e-05,2.1683507524177113e-06,2.218172798902914e-06,27
Y385,0.05500512697793742,2.1683507524177113e-06,7.772039906284044e-07,35
Y621,0.8730887856708105,2.1683507524177113e-06,4.125942454937209e-06,327
Y112,0.012891591003015226,2.1683507524177113e-06,2.5069589683784167e-06,95
Y555,0.7929306885090147,2.1683507524177113e-06,4.06569858627563e-06,327
Y522,4.5397870662530495e-05,2.1683507524177113e-06,1.8961056258805245e-06,337
Y528,0.0023237773019777275,2.1683507524177113e-06,2.8252426114392295e-06,337
Y118,0.003269854655085199,2.1683507524177113e-06,9.234061012615869e-09,95
Y353,0.07877691327588898,2.1683507524177113e-06,4.115975663932557e-06,34
Y43,4.539787066253049e-05,2.1683507524177113e-06,6.428494994409234e-08,26
Y34,4.5397870662530495e-05,2.1683507524177113e-06,6.066386622364556e-08,53
Y619,0.7767295823692358,2.1683507524177113e-06,2.7304104176811917e-06,327
Y613,0.8267291110318751,2.1683507524177113e-06,1.2553784123325736e-06,327
Y359,0.0945153437196659,2.1683507524177113e-06,3.4392086316934787e-06,34
Y589,0.8185704266812563,2.1683507524177113e-06,3.2787479332661888e-06,327
Y567,0.9259315390280403,2.1683507524177113e-06,6.444476787977594e-07,327
Y1270,0.2329764149841048,2.1683507524177113e-06,1.2379845463056914e-07,42
Y120,4.5397870662530495e-05,2.1683507524177113e-06,1.3850923310432945e-06,71
Y1294,4.539787066253049e-05,2.1683507524177113e-06,1.6076213733111213e-07,47
Y583,0.005613230565412326,2.1683507524177113e-06,1.1638342715913276e-14,327
Y560,0.6011671853306437,2.1683507524177113e-06,4.784729752862361e-07,327
Y127,0.27542188737823503,2.1683507524177113e-06,7.468938730640718e-06,88
Y1277,4.5397870662530495e-05,2.1683507524177113e-06,2.329805517613862e-06,47
Y1293,4.5397870662530495e-05,2.1683507524177113e-06,1.229534485379568e-09,47
Y1307,4.5397870662530495e-05,2.168444791395611e-06,6.969666064297508e-06,52
Y584,0.706816749235748,2.1683507524177113e-06,2.9886141625982585e-06,327
Y354,4.5397870662530495e-05,2.1683507524177113e-06,1.4132086842891457e-05,34
Y33,0.05652978537497259,2.1683507524177113e-06,5.893618564021481e-06,27
Y44,0.3798076601669485,2.1683507524177113e-06,8.904885945430189e-06,25
Y614,0.8557940541828734,2.1683507524177113e-06,4.503250709264966e-07,327
Y719,4.5397870662530495e-05,2.1683507524177113e-06,8.991512027021443e-06,57
Y39,0.3826321986019684,2.1683507524177113e-06,7.6187545768199865e-06,29
Y115,0.1746430244971382,2.1683507524177113e-06,4.69336063959391e-06,92
Y525,4.5397870662530495e-05,2.1683507524177113e-06,3.7854222433504724e-07,337
Y552,0.7958196502388172,2.1683507524177113e-06,2.9333421997731524e-06,327
Y558,0.3489909287998261,2.1683507524177113e-06,9.509314108893326e-13,327
Y721,0.14554446580866723,2.1683507524177113e-06,1.6532771452273745e-06,57
Y76,4.5397870662530495e-05,2.1683507524177113e-06,8.238759537314753e-06,27
Y98,4.5397870662530495e-05,2.1683507524177113e-06,3.5593726540397875e-06,27
Y388,0.05982922592767514,2.1683507524177113e-06,4.3250162134848285e-06,275
Y285,4.539787066253049e-05,2.1683507524177113e-06,6.2131190141414075e-06,70
Y366,4.539787066253049e-05,2.168444791395611e-06,5.853387204653369e-07,33
Y382,0.013173261490671115,2.1683507524177113e-06,9.835901328571988e-06,35
Y626,0.848793308227703,2.1683507524177113e-06,8.25177941843706e-06,327
Y597,0.8615750419977749,2.1683507524177113e-06,5.319414079348818e-06,327
Y579,0.559288111473154,2.1683507524177113e-06,8.56846177405212e-06,327
Y1280,0.045522626730052584,2.1683507524177113e-06,4.863829397709025e-06,47
Y1314,4.5397870662530495e-05,2.1683507524177113e-06,6.799824205464963e-07,41
Y134,0.07761841069950808,2.1683507524177113e-06,2.2592155203992354e-07,95
Y573,0.6461911333053446,2.1683507524177113e-06,1.360801508897508e-06,327
Y607,0.31567733755914,2.1683507524177113e-06,9.991315900804545e-15,327
Y700,0.052111171590385585,2.1683507524177113e-06,1.6649405363582746e-06,458
Y20,4.5397870662530495e-05,2.1683507524177113e-06,3.726345979912367e-13,29
Y536,0.010965628840760794,2.1683507524177113e-06,6.194835147178619e-17,282
Y541,4.5397870662530495e-05,2.1683507524177113e-06,5.758005683374187e-14,274
Y106,4.5397870662530495e-05,2.1683507524177113e-06,3.0984604017582944e-08,26
Y738,0.025559933655175192,2.1683507524177113e-06,1.714808063849267e-06,57
Y635,0.6000207700455839,2.1683507524177113e-06,2.668153041877476e-06,327
Y81,0.024807110985333513,2.1683507524177113e-06,5.559270900524136e-06,27
Y272,4.5397870662530495e-05,2.1683507524177113e-06,1.5750713272635592e-06,70
Y391,0.2882559101268343,2.1683507524177113e-06,2.3825231922367083e-06,281
Y65,0.030590108697590473,2.1683507524177113e-06,2.8520051291092828e-06,27
Y375,4.539787066253049e-05,2.1683507524177113e-06,1.0924983816447868e-06,34
Y278,4.5397870662530495e-05,2.1683507524177113e-06,4.4317990507696804e-06,70
Y732,0.025750454271377798,2.1683507524177113e-06,2.9656492701205737e-06,57
Y745,0.07976502877803739,2.1683507524177113e-06,9.137895743234735e-07,48
Y28,0.9999546021300917,2.1683507524177113e-06,0.0,27
Y605,0.2728742187689461,2.1683507524177113e-06,1.2342333098819392e-17,327
Y2,0.11037485348858757,2.1683507524177113e-06,4.243237380524261e-06,55
Y702,0.9093188409024415,2.1683507524177113e-06,2.263810537343297e-06,613
Y22,0.20218133208658215,2.1683507524177113e-06,1.452703437433814e-06,27
Y595,0.6797682177803515,2.1683507524177113e-06,1.114043720127034e-10,327
Y1282,4.5397870662530495e-05,2.1683507524177113e-06,3.120621813256935e-09,42
Y1316,4.5397870662530495e-05,2.1683507524177113e-06,3.63159467454637e-07,40
Y1288,4.5397870662530495e-05,2.1683507524177113e-06,4.628842411128204e-10,47
Y141,0.045819164033189475,2.1683507524177113e-06,1.1429430000152902e-07,71
Y136,0.0979687470734522,2.1683507524177113e-06,6.145130997328634e-08,71
Y571,0.20451475927111276,2.1683507524177113e-06,1.8715134521812768e-06,327
Y637,0.6400518722588452,2.1683507524177113e-06,1.7764832911282648e-06,327
Y270,0.024827668822323373,2.1683507524177113e-06,3.520401727590398e-06,70
Y83,4.539787066253049e-05,2.1683507524177113e-06,2.087904384256111e-07,55
Y294,0.49337402669577735,2.168538838530598e-06,7.823961652961875e-06,59
Y377,4.5397870662530495e-05,2.1683507524177113e-06,9.539476136625402e-07,34
Y89,0.08744406105820779,2.1683507524177113e-06,1.3879019140482976e-06,55
Y67,4.5397870662530495e-05,2.1683507524177113e-06,3.5523945531067745e-06,27
Y10,4.5397870662530495e-05,2.1683507524177113e-06,1.1234472007115511e-05,55
Y730,0.009266994889869267,2.1683507524177113e-06,4.3092970111856085e-06,56
Y747,0.15681691176338622,2.1683507524177113e-06,2.2074807134849232e-06,56
Y549,0.4966655281341075,2.1683507524177113e-06,1.820008080668975e-07,327
Y534,4.5397870662530495e-05,2.1683507524177113e-06,4.630618119976867e-06,336
Y543,0.718386281576609,2.1683507524177113e-06,1.506679162542605e-07,327
Y104,4.5397870662530495e-05,2.1683507524177113e-06,1.3025167820371187e-09,48
Y356,4.5397870662530495e-05,2.1683507524177113e-06,8.090913028674049e-06,34
Y616,0.857413638461864,2.1683507524177113e-06,2.304614722129515e-06,327
Y562,0.8216771528484456,2.1683507524177113e-06,2.216101897123203e-08,327
Y125,0.3701887066981178,2.1683507524177113e-06,2.0237708230923303e-07,95
Y1275,4.5397870662530495e-05,2.1683507524177113e-06,8.417843474945804e-10,47
Y1291,4.5397870662530495e-05,2.1683507524177113e-06,9.77260394764006e-07,47
Y568,0.8589446049841505,2.1683507524177113e-06,8.255351245508588e-06,327
Y586,0.783983468679897,2.1683507524177113e-06,4.784706956254105e-06,327
Y723,4.53978706625305e-05,2.1683507524177113e-06,2.59350218077668e-13,57
Y269,0.05987783239837458,2.1683507524177113e-06,4.344060357360218e-06,70
Y287,4.53978706625305e-05,2.1683507524177113e-06,6.75900355019416e-06,70
Y364,4.5397870662530495e-05,2.168444791395611e-06,1.3635950424584354e-07,33
Y74,0.27358931486103233,2.1683507524177113e-06,7.247318535479092e-06,25
Y380,0.1123140836493686,2.1683507524177113e-06,7.542445697596769e-06,35
Y90,0.2795594036346679,2.1683507524177113e-06,9.559531372366838e-06,25
Y624,0.8173588712091394,2.1683507524177113e-06,5.378110961787886e-06,327
Y729,4.5397870662530495e-05,2.1683507524177113e-06,5.27238616725857e-07,57
Y117,0.00954887200229652,2.1683507524177113e-06,1.8691355584266294e-09,71
Y527,0.04079642194078046,2.1683507524177113e-06,1.0556981216004663e-06,337
Y550,0.6182510287640607,2.1683507524177113e-06,1.5190242355619696e-06,327
Y110,0.39723794666986445,2.1683507524177113e-06,6.910499304747699e-06,87
Y557,0.6498122286143253,2.1683507524177113e-06,2.0318382142407572e-14,327
Y520,4.5397870662530495e-05,2.1683507524177113e-06,4.1912097878212205e-12,337
Y753,0.2244609352218832,2.1683507524177113e-06,1.6226943105084655e-06,149
Y724,0.01778266366407518,2.1683507524177113e-06,9.106750961289666e-15,57
Y629,0.7901469736381744,2.1683507524177113e-06,1.7667643855244538e-06,325
Y363,4.53978706625305e-05,2.168444791395611e-06,1.4063546206643024e-06,33
Y280,4.5397870662530495e-05,2.1683507524177113e-06,3.499368265039076e-06,70
Y73,4.5397870662530495e-05,2.1683507524177113e-06,1.4095473695797198e-08,27
Y369,4.5397870662530495e-05,2.168444791395611e-06,7.605236228480273e-06,33
Y387,0.007729767354490178,2.1683507524177113e-06,8.357158235130233e-07,35
Y97,0.06571971879630391,2.1683507524177113e-06,1.795752241933651e-06,26
Y79,4.5397870662530495e-05,2.1683507524177113e-06,3.7818553503988734e-07,27
Y623,0.7416959240177126,2.1683507524177113e-06,3.868659680336063e-06,327
Y565,0.8057808490055951,2.1683507524177113e-06,1.1951129127578584e-06,327
Y1308,4.5397870662530495e-05,2.168444791395611e-06,4.1001778200774984e-07,52
Y1272,4.5397870662530495e-05,2.1683507524177113e-06,2.6853210435511406e-08,42
Y122,0.19653656439878667,2.1683507524177113e-06,2.0995697659545393e-06,65
Y1278,4.5397870662530495e-05,2.1683507524177113e-06,1.8298873521445166e-06,47
Y128,0.23600901019063272,2.1683507524177113e-06,4.876456335663207e-06,94
Y581,0.632120749875577,2.1683507524177113e-06,9.049511656426791e-07,327
Y518,0.02164081464675072,2.1683507524177113e-06,5.773476453094386e-07,337
Y36,4.5397870662530495e-05,2.1683507524177113e-06,1.1868327990632667e-11,55
Y326,0.5115807417432114,2.168915108662647e-06,2.859903854572103e-06,36
Y611,0.5547664997696935,2.1683507524177113e-06,1.9649584438394494e-06,327
Y109,0.08412277507277456,2.1683507524177113e-06,1.8214594509924517e-06,88
Y539,0.17599895380640218,2.1683507524177113e-06,7.310612604424786e-07,337
Y544,0.6657390807074688,2.1683507524177113e-06,1.1749278063949715e-06,327
Y533,4.5397870662530495e-05,2.1683507524177113e-06,3.4152658065942148e-06,337
Y103,0.3499677990119522,2.1683507524177113e-06,4.8410940663366356e-08,55
Y630,0.8545006281478458,2.1683507524177113e-06,1.880498832651458e-06,327
Y277,0.18376389549339583,2.1683507524177113e-06,8.62558300353983e-07,70
Y84,0.1386320036391098,2.1683507524177113e-06,4.136112934695492e-06,55
Y370,4.5397870662530495e-05,2.1683507524177113e-06,6.229822574713178e-08,34
Y293,4.539787066253049e-05,2.1696680407897594e-06,1.1306825215513147e-06,33
Y17,4.5397870662530495e-05,2.1683507524177113e-06,1.462247939380224e-05,26
Y740,0.12043205159611665,2.1683507524177113e-06,1.385282093655095e-05,57
Y737,4.539787066253049e-05,2.1683507524177113e-06,2.8488528033844805e-06,57
Y592,0.736057555335446,2.1683507524177113e-06,4.035713402921128e-09,327
Y1311,0.2289161169577389,2.1683507524177113e-06,4.398447539727486e-06,41
Y1285,4.5397870662530495e-05,2.1683507524177113e-06,5.565413582638295e-06,42
Y131,0.2412262553986496,2.1683507524177113e-06,6.7652894053606665e-06,94
Y576,0.593011319152576,2.1683507524177113e-06,4.9595034007277065e-06,327
Y598,0.7832663121090975,2.1683507524177113e-06,5.005665381726858e-06,327
Y5,4.5397870662530495e-05,2.1683507524177113e-06,1.428787825840614e-07,27
Y602,0.8520527195552743,2.1683507524177113e-06,1.1888139498822154e-06,327
Y608,0.36344379404762356,2.1683507524177113e-06,3.775130085712657e-08,327
Y705,0.7292620469894604,2.1683507524177113e-06,7.236533419276943e-08,604
Y25,4.539787066253049e-05,2.1683507524177113e-06,2.735367850896662e-06,27
Y572,0.8366887908960412,2.1683507524177113e-06,2.4600904095774747e-06,326
Y135,0.17549841550043213,2.1683507524177113e-06,3.4303523394779725e-06,85
Y1281,0.6608542819392886,2.1683507524177113e-06,5.760480121011149e-10,42
Y1315,4.5397870662530495e-05,2.1683507524177113e-06,4.685167067089598e-06,40
Y596,0.8433469708862948,2.1683507524177113e-06,1.2609973748181359e-06,327
Y578,0.4968599879855023,2.1683507524177113e-06,1.7549204276130615e-06,327
Y21,0.47159999108437173,2.1683507524177113e-06,1.5671164237113423e-06,55
Y701,0.9004915755080728,2.1683507524177113e-06,4.329226658940999e-06,618
Y606,0.2665677356268348,2.1683507524177113e-06,1.8731749136979023e-11,327
Y107,0.080297968810384,2.1683507524177113e-06,4.576489511952048e-06,55
Y540,4.53978706625305e-05,2.1683507524177113e-06,6.23679619410327e-08,329
Y537,0.03756795967341939,2.1683507524177113e-06,4.562713784301755e-11,126
Y744,0.16228290594585287,2.1683507524177113e-06,2.5291854884598853e-06,57
Y733,0.05059098263813147,2.1683507524177113e-06,1.1410191492420255e-06,56
Y13,0.3619272601831529,2.1683507524177113e-06,1.2838882086800212e-06,27
Y64,4.5397870662530495e-05,2.1683507524177113e-06,3.195289567158433e-06,27
Y374,0.6892993848531657,2.1683507524177113e-06,2.6709932658791787e-10,34
Y279,0.3620752717969179,2.1683507524177113e-06,1.201759550142831e-08,70
Y80,4.5397870662530495e-05,2.168444791395611e-06,6.320152216062477e-06,22
Y390,0.208306004342445,2.1683507524177113e-06,1.8903029996625378e-08,281
Y273,4.5397870662530495e-05,2.1683507524177113e-06,2.8887749896094656e-06,70
Y739,0.07515415705330104,2.1683507524177113e-06,1.798842935496799e-06,54
Y634,0.7526378937854381,2.1683507524177113e-06,2.361700530079459e-06,327
Y585,0.6959325731335786,2.1683507524177113e-06,7.224603408141849e-06,327
Y1292,4.5397870662530495e-05,2.1683507524177113e-06,1.441435837164877e-06,47
Y126,0.5455673872246015,2.1683507524177113e-06,9.340974524712248e-07,71
Y1276,4.5397870662530495e-05,2.1683507524177113e-06,2.9084158260665133e-08,47
Y561,0.36625736084887744,2.1683507524177113e-06,9.029940748232805e-14,327
Y615,0.7530952398586775,2.1683507524177113e-06,1.2311527894471205e-19,327
Y718,0.048731723290716664,2.1683507524177113e-06,3.9087509655378756e-07,57
Y355,0.018901393119970078,2.1683507524177113e-06,1.2534095105603376e-06,34
Y559,0.8410910188522372,2.1683507524177113e-06,3.903822911449406e-06,327
Y553,0.7944876997673939,2.1683507524177113e-06,3.6180084938251695e-06,327
Y524,4.5397870662530495e-05,2.1683507524177113e-06,2.2451583797151398e-06,337
Y114,0.03307106964184271,2.1683507524177113e-06,5.649704026074643e-06,66
Y627,0.8429219102113509,2.1683507524177113e-06,5.420754939634971e-06,327
Y93,4.5397870662530495e-05,2.1683507524177113e-06,2.0784636968457346e-06,27
Y383,4.53978706625305e-05,2.1683507524177113e-06,1.4005288163190372e-06,35
Y77,4.5397870662530495e-05,2.1683507524177113e-06,1.4032071936500176e-06,27
Y99,4.5397870662530495e-05,2.1683507524177113e-06,2.1397130002394175e-09,55
Y389,0.04333964664041894,2.1683507524177113e-06,2.120326848775254e-07,276
Y367,4.5397870662530495e-05,2.168444791395611e-06,7.165167567740963e-06,33
Y284,4.5397870662530495e-05,2.1683507524177113e-06,1.0005142099720728e-10,70
Y720,0.13452798426617907,2.1683507524177113e-06,4.936514254399644e-06,57
Y620,0.861302410286445,2.1683507524177113e-06,1.2864438542144644e-06,327
Y94,4.5397870662530495e-05,2.1683507524177113e-06,1.4257087307433094e-06,22
Y289,0.09110122046197723,2.1691973969631237e-06,4.605187736791852e-06,34
Y384,4.5397870662530495e-05,2.1683507524177113e-06,3.5356187631083237e-06,35
Y70,0.10961136155072812,2.1683507524177113e-06,1.8413426915767833e-06,55
Y283,4.539787066253049e-05,2.1683507524177113e-06,2.6495867862547228e-08,70
Y360,4.53978706625305e-05,2.1683507524177113e-06,5.721685493011815e-06,34
Y727,4.5397870662530495e-05,2.1683507524177113e-06,1.6191507277125317e-14,57
Y750,4.5397870662530495e-05,2.1683507524177113e-06,1.3117287659880569e-06,190
Y119,0.38133963833258583,2.1683507524177113e-06,1.5166869977974667e-06,95
Y529,4.5397870662530495e-05,2.1683507524177113e-06,1.0599747354197062e-07,337
Y523,4.539787066253049e-05,2.1683507524177113e-06,4.762091869664056e-06,337
Y554,0.8278075004920701,2.1683507524177113e-06,9.080176942500861e-06,327
Y113,0.021309428419668767,2.1683507524177113e-06,3.171835005645938e-07,71
Y358,4.5397870662530495e-05,2.1683507524177113e-06,8.72762326410828e-06,34
Y48,4.5397870662530495e-05,2.1683507524177113e-06,3.888651877270046e-11,54
Y612,0.6666380171525943,2.1683507524177113e-06,3.29376615840801e-06,327
Y618,0.8461359488532042,2.1683507524177113e-06,1.0792751534870653e-06,327
Y352,4.5397870662530495e-05,2.1683507524177113e-06,6.5525434357436454e-06,34
Y325,0.4383862063241006,2.168915108662647e-06,4.564429209041594e-06,36
Y35,0.07251335669607323,2.1683507524177113e-06,8.21841430178833e-06,26
Y42,0.00465197197893035,2.1683507524177113e-06,4.849923978605796e-06,55
Y582,0.16650649368147863,2.1683507524177113e-06,3.1148634358315484e-11,327
Y1271,4.5397870662530495e-05,2.1683507524177113e-06,1.0916591894419724e-06,42
Y121,0.20243498504584914,2.1683507524177113e-06,2.9725234812274724e-07,95
Y588,0.7610850341853013,2.1683507524177113e-06,2.1657837403171718e-07,327
Y566,0.7560214653585607,2.1683507524177113e-06,4.083186888716213e-06,327
Y639,0.7493103436147622,2.1683507524177113e-06,2.456423177952736e-06,327
Y734,0.12984632688980727,2.1683507524177113e-06,8.485834582055646e-06,57
Y743,0.07887138474303318,2.1683507524177113e-06,2.9413963108916194e-06,57
Y63,0.0576461171876181,2.1683507524177113e-06,6.2440368238690364e-06,55
Y290,0.03584043846370195,2.1691032926987986e-06,1.154716921904641e-06,35
Y373,0.1975411884179823,2.1683507524177113e-06,1.001167735693797e-05,34
Y69,4.53978706625305e-05,2.1683507524177113e-06,2.0807739533210915e-06,51
Y274,4.53978706625305e-05,2.1683507524177113e-06,3.261462718857574e-08,70
Y379,4.5397870662530495e-05,2.1683507524177113e-06,4.09944087591433e-06,35
Y633,0.8291629179344813,2.1683507524177113e-06,1.2867459354957927e-06,320
Y749,4.53978706625305e-05,2.1683507524177113e-06,2.7178558437509255e-06,149
Y100,4.53978706625305e-05,2.1683507524177113e-06,5.629289209449382e-07,42
Y530,4.53978706625305e-05,2.1683507524177113e-06,1.8739046933009317e-06,337
Y547,0.791187877748337,2.1683507524177113e-06,1.0980213318507109e-06,327
Y51,4.5397870662530495e-05,2.1683507524177113e-06,1.5283626854471257e-06,27
Y706,0.06390763007124814,2.1683507524177113e-06,3.4892158275692725e-06,454
Y601,0.8378508457247145,2.1683507524177113e-06,2.6105252968528916e-06,327
Y575,0.8137735130230237,2.1683507524177113e-06,2.1915144785799693e-06,327
Y132,0.5362154739666175,2.1683507524177113e-06,1.010857216482088e-06,71
Y1268,0.43838828638013105,2.1683507524177113e-06,8.85965706677464e-10,42
Y138,4.5397870662530495e-05,2.1683507524177113e-06,9.737349626962522e-06,70
Y1312,4.5397870662530495e-05,2.1683507524177113e-06,4.197568911312955e-07,40
Y1286,4.5397870662530495e-05,2.1683507524177113e-06,1.4902012184485896e-09,42
Y591,0.258232794836689,2.1683507524177113e-06,1.5400507523804221e-06,327
